"Location_ID";"Region";"Country";"Country_Code"
1;"LATIN AMERICA AND CARIBBEAN";"Brazil";"BR"
2;"SOUTH ASIA";"Pakistan";"PK"
3;"EAST ASIA AND PACIFIC";"Philippines";"PH"
4;"EUROPE AND CENTRAL ASIA";"Turkey";"TR"
5;"EUROPE AND CENTRAL ASIA";"Kazakhstan";"KZ"
6;"AFRICA EAST";"Angola";"AO"
7;"AFRICA WEST";"Nigeria";"NG"
8;"EAST ASIA AND PACIFIC";"Indonesia";"ID"
9;"LATIN AMERICA AND CARIBBEAN";"Guatemala";"GT"
10;"LATIN AMERICA AND CARIBBEAN";"Peru";"PE"
11;"SOUTH ASIA";"India";"IN"
12;"SOUTH ASIA";"Sri Lanka";"LK"
13;"EUROPE AND CENTRAL ASIA";"Romania";"RO"
14;"MIDDLE EAST AND NORTH AFRICA";"Morocco";"MA"
15;"LATIN AMERICA AND CARIBBEAN";"Argentina";"AR"
16;"MIDDLE EAST AND NORTH AFRICA";"Egypt, Arab Republic of";"EG"
17;"MIDDLE EAST AND NORTH AFRICA";"Jordan";"JO"
18;"EUROPE AND CENTRAL ASIA";"Ukraine";"UA"
19;"EAST ASIA AND PACIFIC";"China";"CN"
20;"LATIN AMERICA AND CARIBBEAN";"Colombia";"CO"
21;"LATIN AMERICA AND CARIBBEAN";"Costa Rica";"CR"
22;"AFRICA WEST";"Cameroon";"CM"
23;"MIDDLE EAST AND NORTH AFRICA";"Iraq";"IQ"
24;"EUROPE AND CENTRAL ASIA";"Poland";"PL"
25;"OTHER";"World";"1W"
26;"LATIN AMERICA AND CARIBBEAN";"El Salvador";"SV"
27;"MIDDLE EAST AND NORTH AFRICA";"Lebanon";"LB"
28;"LATIN AMERICA AND CARIBBEAN";"Ecuador";"EC"
29;"EUROPE AND CENTRAL ASIA";"Croatia";"HR"
30;"EUROPE AND CENTRAL ASIA";"Albania";"AL"
31;"LATIN AMERICA AND CARIBBEAN";"Mexico";"MX"
32;"AFRICA EAST";"Botswana";"BW"
33;"EAST ASIA AND PACIFIC";"Vietnam";"VN"
34;"AFRICA EAST";"Kenya";"KE"
35;"EUROPE AND CENTRAL ASIA";"Uzbekistan";"UZ"
36;"LATIN AMERICA AND CARIBBEAN";"Bolivia";"BO"
37;"MIDDLE EAST AND NORTH AFRICA";"Tunisia";"TN"
38;"EUROPE AND CENTRAL ASIA";"Belarus";"BY"
39;"EUROPE AND CENTRAL ASIA";"Moldova";"MD"
40;"EAST ASIA AND PACIFIC";"Mongolia";"MN"
41;"LATIN AMERICA AND CARIBBEAN";"Dominican Republic";"DO"
42;"EUROPE AND CENTRAL ASIA";"Georgia";"GE"
43;"EUROPE AND CENTRAL ASIA";"Serbia";"YF"
44;"AFRICA WEST";"Cote d'Ivoire";"CI"
45;"EUROPE AND CENTRAL ASIA";"Montenegro";"ME"
46;"EUROPE AND CENTRAL ASIA";"Azerbaijan";"AZ"
47;"MIDDLE EAST AND NORTH AFRICA";"Iran, Islamic Republic of";"IR"
48;"LATIN AMERICA AND CARIBBEAN";"Paraguay";"PY"
49;"LATIN AMERICA AND CARIBBEAN";"Panama";"PA"
50;"AFRICA WEST";"Gabon";"GA"
51;"EUROPE AND CENTRAL ASIA";"Bosnia and Herzegovina";"BA"
52;"EUROPE AND CENTRAL ASIA";"North Macedonia";"MK"
53;"AFRICA EAST";"Eswatini";"SZ"
54;"LATIN AMERICA AND CARIBBEAN";"Jamaica";"JM"
55;"EUROPE AND CENTRAL ASIA";"Armenia";"AM"
56;"EAST ASIA AND PACIFIC";"Fiji";"FJ"
57;"LATIN AMERICA AND CARIBBEAN";"Uruguay";"UY"
58;"LATIN AMERICA AND CARIBBEAN";"Suriname";"SR"
59;"EAST ASIA AND PACIFIC";"Papua New Guinea";"PG"
60;"AFRICA WEST";"Congo, Republic of";"CG"
61;"AFRICA EAST";"Seychelles";"SC"
62;"LATIN AMERICA AND CARIBBEAN";"Trinidad and Tobago";"TT"
63;"LATIN AMERICA AND CARIBBEAN";"Chile";"CL"
64;"EUROPE AND CENTRAL ASIA";"Russian Federation";"RU"
65;"LATIN AMERICA AND CARIBBEAN";"Grenada";"GD"
66;"EUROPE AND CENTRAL ASIA";"Turkmenistan";"TM"
67;"AFRICA WEST";"Cabo Verde";"CV"
68;"LATIN AMERICA AND CARIBBEAN";"Belize";"BZ"
69;"EAST ASIA AND PACIFIC";"Timor-Leste";"TP"
70;"LATIN AMERICA AND CARIBBEAN";"Antigua and Barbuda";"AG"
71;"EUROPE AND CENTRAL ASIA";"Bulgaria";"BG"
72;"EUROPE AND CENTRAL ASIA";"Estonia";"EE"
73;"EUROPE AND CENTRAL ASIA";"Slovenia";"SI"
74;"AFRICA EAST";"South Africa";"ZA"
75;"EAST ASIA AND PACIFIC";"Korea, Republic of";"KR"
76;"EUROPE AND CENTRAL ASIA";"Hungary";"HU"
77;"EAST ASIA AND PACIFIC";"Thailand";"TH"
78;"EUROPE AND CENTRAL ASIA";"Kosovo";"XK"
79;"MIDDLE EAST AND NORTH AFRICA";"Algeria";"DZ"
80;"EAST ASIA AND PACIFIC";"Malaysia";"MY"
81;"EUROPE AND CENTRAL ASIA";"Czech Republic";"CZ"
82;"EUROPE AND CENTRAL ASIA";"Yugoslavia, former";"YU"
83;"EUROPE AND CENTRAL ASIA";"Latvia";"LV"
84;"LATIN AMERICA AND CARIBBEAN";"Venezuela, Republica Bolivariana de";"VE"
85;"EUROPE AND CENTRAL ASIA";"France";"FR"
86;"EUROPE AND CENTRAL ASIA";"Netherlands";"NL"
87;"EUROPE AND CENTRAL ASIA";"Slovak Republic";"SK"
88;"EUROPE AND CENTRAL ASIA";"Portugal";"PT"
89;"AFRICA EAST";"Zimbabwe";"ZW"
90;"AFRICA EAST";"Zambia";"ZM"
91;"AFRICA EAST";"Congo, Democratic Republic of";"ZR"
92;"AFRICA EAST";"Lesotho";"LS"
93;"LATIN AMERICA AND CARIBBEAN";"Honduras";"HN"
94;"AFRICA EAST";"Mauritius";"MU"
95;"EAST ASIA AND PACIFIC";"Australia";"AU"
96;"EAST ASIA AND PACIFIC";"Japan";"JP"
97;"EUROPE AND CENTRAL ASIA";"Italy";"IT"
98;"LATIN AMERICA AND CARIBBEAN";"Bahamas, The";"BS"
99;"LATIN AMERICA AND CARIBBEAN";"Barbados";"BB"
100;"EUROPE AND CENTRAL ASIA";"Spain";"ES"
101;"AFRICA EAST";"Southern Africa";"3S"
102;"EUROPE AND CENTRAL ASIA";"Lithuania";"LT"
103;"MIDDLE EAST AND NORTH AFRICA";"Syrian Arab Republic";"SY"
104;"AFRICA WEST";"Mauritania";"MR"
105;"AFRICA WEST";"Guinea";"GN"
106;"EUROPE AND CENTRAL ASIA";"Greece";"GR"
107;"EAST ASIA AND PACIFIC";"Taiwan, China";"TW"
108;"SOUTH ASIA";"Bangladesh";"BD"
109;"AFRICA WEST";"Western Africa";"3W"
110;"AFRICA WEST";"Ghana";"GH"
111;"AFRICA EAST";"Malawi";"MW"
112;"EAST ASIA AND PACIFIC";"New Zealand";"NZ"
113;"EUROPE AND CENTRAL ASIA";"Denmark";"DK"
114;"AFRICA WEST";"Chad";"TD"
115;"AFRICA EAST";"Sudan";"SD"
116;"EUROPE AND CENTRAL ASIA";"Finland";"FI"
117;"EUROPE AND CENTRAL ASIA";"Cyprus";"CY"
118;"MIDDLE EAST AND NORTH AFRICA";"Israel";"IL"
119;"AFRICA EAST";"Tanzania";"TZ"
120;"EUROPE AND CENTRAL ASIA";"Belgium";"BE"
121;"EUROPE AND CENTRAL ASIA";"Ireland";"IE"
122;"AFRICA WEST";"Liberia";"LR"
123;"AFRICA WEST";"Senegal";"SN"
124;"MIDDLE EAST AND NORTH AFRICA";"Oman";"OM"
125;"EAST ASIA AND PACIFIC";"Singapore";"SG"
126;"EUROPE AND CENTRAL ASIA";"Norway";"NO"
127;"EUROPE AND CENTRAL ASIA";"Austria";"AT"
128;"AFRICA EAST";"Eastern Africa";"3E"
129;"LATIN AMERICA AND CARIBBEAN";"Nicaragua";"NI"
130;"AFRICA EAST";"Ethiopia";"ET"
131;"LATIN AMERICA AND CARIBBEAN";"Caribbean";"6R"
132;"AFRICA EAST";"Mozambique";"MZ"
133;"EUROPE AND CENTRAL ASIA";"Iceland";"IS"
134;"AFRICA EAST";"Madagascar";"MG"
135;"EAST ASIA AND PACIFIC";"Myanmar";"MM"
136;"LATIN AMERICA AND CARIBBEAN";"Guyana";"GY"
137;"EUROPE AND CENTRAL ASIA";"Luxembourg";"LU"
138;"LATIN AMERICA AND CARIBBEAN";"St. Kitts and Nevis";"KN"
139;"AFRICA EAST";"Uganda";"UG"
140;"AFRICA EAST";"Namibia";"NA"
141;"MIDDLE EAST AND NORTH AFRICA";"Malta";"MT"
142;"LATIN AMERICA AND CARIBBEAN";"St. Lucia";"LC"
143;"AFRICA WEST";"Sierra Leone";"SL"
144;"AFRICA EAST";"Burundi";"BI"
145;"AFRICA WEST";"Togo";"TG"
146;"LATIN AMERICA AND CARIBBEAN";"St. Vincent and the Grenadines";"VC"
147;"LATIN AMERICA AND CARIBBEAN";"Dominica";"DM"
148;"LATIN AMERICA AND CARIBBEAN";"Haiti";"HT"
